"State","Facility Name","Facility ID","Unit ID","Associated Stacks","Year","Program Code","Primary Rep Info","EPA Region","NERC Region","County","County Code","FIPS Code","Source Category","Latitude","Longitude","Owner/Operator","SO2 Phase","NOx Phase","Unit Type","Primary Fuel Type","Secondary Fuel Type","SO2 Controls","NOx Controls","PM Controls","Hg Controls","Commercial Operation Date","Operating Status","Max Hourly HI Rate (mmBtu/hr)","Associated Generators & Nameplate Capacity (MWe)"
"KY","E W Brown",1355,"3",,2025,"ARP, CSNOX, CSOSG2E, CSSO2G1, MATS","604155",4,"SERC","Mercer County","KY167","167","Electric Utility",37.7889,-84.7139,"LG&E and KU Energy, LLC (Owner)|LG&E and KU Energy, LLC (Operator)","Table 1","Phase 1 Group 1","Tangentially-fired","Coal",,"Wet Limestone","Low NOx Burner Technology w/ Closed-coupled/Separated OFA|Selective Catalytic Reduction","Wet Scrubber|Baghouse","Additives to Enhance PAC and Existing Equipment Performance|Untreated PAC Sorbent Injection","1971-07-19","Operating",5000,"3 (446.4)"
"KY","Ghent",1356,"1",,2025,"ARP, CSNOX, CSOSG2E, CSSO2G1, MATS","604155",4,,"Carroll County","KY041","041","Electric Utility",38.7497,-85.035,"Kentucky Utilities Company (Owner)|Kentucky Utilities Company (Operator)","Table 1","Phase 1 Group 1","Tangentially-fired","Coal",,"Wet Limestone","Low NOx Burner Technology w/ Separated OFA|Selective Catalytic Reduction","Baghouse","Additives to Enhance PAC and Existing Equipment Performance|Untreated PAC Sorbent Injection","1974-02-19","Operating",5500,"1 (556.9)"
"KY","Ghent",1356,"2","CS023",2025,"ARP, CSNOX, CSOSG2E, CSSO2G1, MATS","604155",4,,"Carroll County","KY041","041","Electric Utility",38.7497,-85.035,"Kentucky Utilities Company (Owner)|Kentucky Utilities Company (Operator)","Phase 2","Phase 2 Group 1","Tangentially-fired","Coal",,"Wet Limestone","Low NOx Burner Technology w/ Closed-coupled/Separated OFA","Baghouse","Untreated PAC Sorbent Injection|Additives to Enhance PAC and Existing Equipment Performance","1977-04-20","Operating",5800,"2 (556.4)"
"KY","Ghent",1356,"3","CS023",2025,"ARP, CSNOX, CSOSG2E, CSSO2G1, MATS","604155",4,,"Carroll County","KY041","041","Electric Utility",38.7497,-85.035,"Kentucky Utilities Company (Owner)|Kentucky Utilities Company (Operator)","Phase 2","Phase 2 Group 1","Dry bottom wall-fired boiler","Coal",,"Wet Limestone","Low NOx Burner Technology w/ Overfire Air|Selective Catalytic Reduction","Baghouse|Electrostatic Precipitator","Untreated PAC Sorbent Injection|Additives to Enhance PAC and Existing Equipment Performance","1981-05-31","Operating",5800,"3 (556.6)"
"KY","Ghent",1356,"4",,2025,"ARP, CSNOX, CSOSG2E, CSSO2G1, MATS","604155",4,,"Carroll County","KY041","041","Electric Utility",38.7497,-85.035,"Kentucky Utilities Company (Owner)|Kentucky Utilities Company (Operator)","Phase 2","Phase 2 Group 1","Dry bottom wall-fired boiler","Coal",,"Wet Limestone","Low NOx Burner Technology w/ Overfire Air|Selective Catalytic Reduction","Baghouse|Electrostatic Precipitator","Additives to Enhance PAC and Existing Equipment Performance|Untreated PAC Sorbent Injection","1984-08-18","Operating",5500,"4 (556.2)"
"KY","Mill Creek",1364,"2",,2025,"ARP, CSNOX, CSOSG2E, CSSO2G1, MATS","604155",4,"ECAR","Jefferson County","KY111","111","Electric Utility",38.0531,-85.91,"LG&E and KU Energy, LLC (Owner)|LG&E and KU Energy, LLC (Operator)","Phase 2","Early Election","Tangentially-fired","Coal",,"Wet Limestone","Low NOx Burner Technology w/ Separated OFA","Baghouse|Electrostatic Precipitator","Additives to Enhance PAC and Existing Equipment Performance|Untreated PAC Sorbent Injection","1974-06-11","Operating",3700,"2 (355.5)"
"KY","Mill Creek",1364,"3",,2025,"ARP, CSNOX, CSOSG2E, CSSO2G1, MATS","604155",4,"ECAR","Jefferson County","KY111","111","Electric Utility",38.0531,-85.91,"LG&E and KU Energy, LLC (Owner)|LG&E and KU Energy, LLC (Operator)","Phase 2","Early Election","Dry bottom wall-fired boiler","Coal",,"Wet Limestone","Low NOx Burner Technology (Dry Bottom only)|Selective Catalytic Reduction","Baghouse|Electrostatic Precipitator|Wet Scrubber","Additives to Enhance PAC and Existing Equipment Performance|Untreated PAC Sorbent Injection","1978-06-28","Operating",4400,"3 (462.6)"
"KY","Mill Creek",1364,"4",,2025,"ARP, CSNOX, CSOSG2E, CSSO2G1, MATS","604155",4,"ECAR","Jefferson County","KY111","111","Electric Utility",38.0531,-85.91,"LG&E and KU Energy, LLC (Owner)|LG&E and KU Energy, LLC (Operator)","Phase 2","Early Election","Dry bottom wall-fired boiler","Coal",,"Wet Limestone","Low NOx Burner Technology (Dry Bottom only)|Selective Catalytic Reduction","Baghouse|Electrostatic Precipitator|Wet Scrubber","Additives to Enhance PAC and Existing Equipment Performance|Untreated PAC Sorbent Injection","1982-07-15","Operating",5500,"4 (543.6)"
"KY","Shawnee",1379,"1","CSSH15",2025,"ARP, CSNOX, CSOSG2E, CSSO2G1, MATS","608515",4,"SERC","McCracken County","KY145","145","Electric Utility",37.1517,-88.775,"Tennessee Valley Authority (Owner)|Tennessee Valley Authority (Operator)","Phase 2","Phase 2 Group 1","Dry bottom wall-fired boiler","Coal",,"Dry Lime FGD","Low NOx Burner Technology (Dry Bottom only)|Selective Catalytic Reduction","Baghouse",,"1953-04-06","Operating",2145,"1 (175)"
"KY","Shawnee",1379,"2","CSSH15",2025,"ARP, CSNOX, CSOSG2E, CSSO2G1, MATS","608515",4,"SERC","McCracken County","KY145","145","Electric Utility",37.1517,-88.775,"Tennessee Valley Authority (Owner)|Tennessee Valley Authority (Operator)","Phase 2","Phase 2 Group 1","Dry bottom wall-fired boiler","Coal",,,"Low NOx Burner Technology (Dry Bottom only)","Baghouse",,"1953-06-18","Operating",2316,"2 (175)"
"KY","Shawnee",1379,"3","CSSH15",2025,"ARP, CSNOX, CSOSG2E, CSSO2G1, MATS","608515",4,"SERC","McCracken County","KY145","145","Electric Utility",37.1517,-88.775,"Tennessee Valley Authority (Owner)|Tennessee Valley Authority (Operator)","Phase 2","Phase 2 Group 1","Dry bottom wall-fired boiler","Coal",,,"Low NOx Burner Technology (Dry Bottom only)","Baghouse",,"1953-09-29","Operating",2296,"3 (175)"
"KY","Shawnee",1379,"4","CSSH15",2025,"ARP, CSNOX, CSOSG2E, CSSO2G1, MATS","608515",4,"SERC","McCracken County","KY145","145","Electric Utility",37.1517,-88.775,"Tennessee Valley Authority (Owner)|Tennessee Valley Authority (Operator)","Phase 2","Phase 2 Group 1","Dry bottom wall-fired boiler","Coal",,"Dry Lime FGD","Low NOx Burner Technology (Dry Bottom only)|Selective Catalytic Reduction","Baghouse",,"1954-01-02","Operating",2112,"4 (175)"
"KY","Shawnee",1379,"5","CSSH15",2025,"ARP, CSNOX, CSOSG2E, CSSO2G1, MATS","608515",4,"SERC","McCracken County","KY145","145","Electric Utility",37.1517,-88.775,"Tennessee Valley Authority (Owner)|Tennessee Valley Authority (Operator)","Phase 2","Phase 2 Group 1","Dry bottom wall-fired boiler","Coal",,,"Low NOx Burner Technology (Dry Bottom only)","Baghouse",,"1954-09-20","Operating",2284,"5 (175)"
"KY","Shawnee",1379,"6","CSSH60",2025,"ARP, CSNOX, CSOSG2E, CSSO2G1, MATS","608515",4,"SERC","McCracken County","KY145","145","Electric Utility",37.1517,-88.775,"Tennessee Valley Authority (Owner)|Tennessee Valley Authority (Operator)","Phase 2","Phase 2 Group 1","Dry bottom wall-fired boiler","Coal",,,"Low NOx Burner Technology (Dry Bottom only)","Baghouse",,"1954-10-26","Operating",1972,"6 (175)"
"KY","Shawnee",1379,"7","CSSH60",2025,"ARP, CSNOX, CSOSG2E, CSSO2G1, MATS","608515",4,"SERC","McCracken County","KY145","145","Electric Utility",37.1517,-88.775,"Tennessee Valley Authority (Owner)|Tennessee Valley Authority (Operator)","Phase 2","Phase 2 Group 1","Dry bottom wall-fired boiler","Coal",,,"Low NOx Burner Technology (Dry Bottom only)|Selective Catalytic Reduction","Baghouse",,"1954-12-19","Operating",2589,"7 (175)"
"KY","Shawnee",1379,"8","CSSH60",2025,"ARP, CSNOX, CSOSG2E, CSSO2G1, MATS","608515",4,"SERC","McCracken County","KY145","145","Electric Utility",37.1517,-88.775,"Tennessee Valley Authority (Owner)|Tennessee Valley Authority (Operator)","Phase 2","Phase 2 Group 1","Dry bottom wall-fired boiler","Coal",,,"Low NOx Burner Technology (Dry Bottom only)","Baghouse",,"1955-02-10","Operating",2663,"8 (175)"
"KY","Shawnee",1379,"9","CSSH60",2025,"ARP, CSNOX, CSOSG2E, CSSO2G1, MATS","608515",4,"SERC","McCracken County","KY145","145","Electric Utility",37.1517,-88.775,"Tennessee Valley Authority (Owner)|Tennessee Valley Authority (Operator)","Phase 2","Phase 2 Group 1","Dry bottom wall-fired boiler","Coal",,,"Low NOx Burner Technology (Dry Bottom only)","Baghouse",,"1955-06-24","Operating",2782,"9 (175)"
"KY","John S. Cooper",1384,"1","CS1",2025,"ARP, CSNOX, CSOSG2E, CSSO2G1, MATS","605834",4,"ECAR","Pulaski County","KY199","199","Electric Utility",37,-84.5917,"East Kentucky Power Cooperative (Owner)|East Kentucky Power Cooperative (Operator)","Table 1","Phase 1 Group 1","Dry bottom wall-fired boiler","Coal",,"Dry Lime FGD","Low NOx Burner Technology (Dry Bottom only)","Electrostatic Precipitator|Baghouse",,"1965-02-09","Operating",1381,"1 (100)"
"KY","John S. Cooper",1384,"2","CS1",2025,"ARP, CSNOX, CSOSG2E, CSSO2G1, MATS","605834",4,"ECAR","Pulaski County","KY199","199","Electric Utility",37,-84.5917,"East Kentucky Power Cooperative (Owner)|East Kentucky Power Cooperative (Operator)","Table 1","Phase 1 Group 1","Dry bottom wall-fired boiler","Coal",,"Dry Lime FGD","Low NOx Burner Technology (Dry Bottom only)|Selective Catalytic Reduction","Baghouse",,"1969-10-28","Operating",2418,"2 (221)"
"KY","East Bend",6018,"2",,2025,"ARP, CSNOX, CSOSG2E, CSSO2G1, MATS","609289 (Ended Dec 23, 2025), 611428 (Started Dec 23, 2025)",4,"ECAR","Boone County","KY015","015","Electric Utility",38.9031,-84.8511,"Duke Energy Kentucky, Inc. (Owner)|Duke Energy Kentucky, Inc. (Operator)","Phase 2","Phase 1 Group 1","Dry bottom wall-fired boiler","Coal",,"Wet Lime FGD","Selective Catalytic Reduction|Overfire Air","Electrostatic Precipitator|Wet Scrubber",,"1981-03-24","Operating",7886,"2 (669.3)"
"KY","H L Spurlock",6041,"1",,2025,"ARP, CSNOX, CSOSG2E, CSSO2G1, MATS","605834",4,"ECAR","Mason County","KY161","161","Electric Utility",38.7,-83.8175,"East Kentucky Power Cooperative (Owner)|East Kentucky Power Cooperative (Operator)","Table 1","Phase 1 Group 1","Dry bottom wall-fired boiler","Coal",,"Wet Limestone","Selective Catalytic Reduction|Low NOx Burner Technology (Dry Bottom only)","Electrostatic Precipitator|Wet ESP|Wet Scrubber",,"1977-09-01","Operating",3641,"1 (340)"
"KY","H L Spurlock",6041,"2",,2025,"ARP, CSNOX, CSOSG2E, CSSO2G1, MATS","605834",4,"ECAR","Mason County","KY161","161","Electric Utility",38.7,-83.8175,"East Kentucky Power Cooperative (Owner)|East Kentucky Power Cooperative (Operator)","Phase 2","Early Election","Tangentially-fired","Coal",,"Wet Limestone","Selective Catalytic Reduction|Low NOx Burner Technology w/ Closed-coupled OFA","Wet ESP|Wet Scrubber|Electrostatic Precipitator",,"1981-03-02","Operating",6314.9,"2 (610)"
"KY","H L Spurlock",6041,"3",,2025,"ARP, CSNOX, CSOSG2E, CSSO2G1, MATS","605834",4,"ECAR","Mason County","KY161","161","Electric Utility",38.7,-83.8175,"East Kentucky Power Cooperative (Owner)|East Kentucky Power Cooperative (Operator)","Phase 2",,"Circulating fluidized bed boiler","Coal",,"Dry Lime FGD|Fluidized Bed Limestone Injection","Selective Non-catalytic Reduction","Baghouse",,"2005-03-01","Operating",3112.5,"3 (294)"
"KY","H L Spurlock",6041,"4",,2025,"ARP, CSNOX, CSOSG2E, CSSO2G1, MATS","605834",4,"ECAR","Mason County","KY161","161","Electric Utility",38.7,-83.8175,"East Kentucky Power Cooperative (Owner)|East Kentucky Power Cooperative (Operator)","Phase 2",,"Circulating fluidized bed boiler","Coal",,"Dry Lime FGD|Fluidized Bed Limestone Injection","Selective Non-catalytic Reduction","Baghouse",,"2008-12-08","Operating",2800,"4 (300)"
"KY","Trimble County",6071,"1",,2025,"ARP, CSNOX, CSOSG2E, CSSO2G1, MATS","604155",4,"ECAR","Trimble County","KY223","223","Electric Utility",38.5847,-85.4117,"Illinois Municipal Electric Agency (Owner)|Indiana Municipal Power Agency (Owner)|LG&E and KU Energy, LLC (Owner)|LG&E and KU Energy, LLC (Operator)","Phase 2","Early Election","Tangentially-fired","Coal","Diesel Oil","Wet Limestone","Low NOx Burner Technology w/ Closed-coupled OFA|Selective Catalytic Reduction","Baghouse|Electrostatic Precipitator|Wet Scrubber","Additives to Enhance PAC and Existing Equipment Performance|Untreated PAC Sorbent Injection","1990-01-01","Operating",6000,"1 (566.1)"
"KY","Trimble County",6071,"2","MS-2A, MS-2B",2025,"ARP, CSNOX, CSOSG2E, CSSO2G1, MATS","604155",4,"ECAR","Trimble County","KY223","223","Electric Utility",38.5847,-85.4117,"Illinois Municipal Electric Agency (Owner)|Indiana Municipal Power Agency (Owner)|Kentucky Utilities Company (Owner)|LG&E and KU Energy, LLC (Owner)|LG&E and KU Energy, LLC (Operator)","Phase 2",,"Dry bottom wall-fired boiler","Coal",,"Wet Limestone","Selective Catalytic Reduction","Baghouse|Electrostatic Precipitator|Wet ESP|Wet Scrubber","Additives to Enhance PAC and Existing Equipment Performance|Untreated PAC Sorbent Injection","2010-05-18","Operating",7490,"2 (750)"
"KY","D B Wilson",6823,"W1",,2025,"ARP, CSNOX, CSOSG2E, CSSO2G1, MATS","606335",4,"ECAR","Ohio County","KY183","183","Electric Utility",37.4497,-87.0803,"Big Rivers Electric Corporation (Owner)|Big Rivers Electric Corporation (Operator)","Phase 2","Early Election","Dry bottom wall-fired boiler","Coal",,"Wet Limestone","Selective Catalytic Reduction|Low NOx Burner Technology (Dry Bottom only)","Electrostatic Precipitator",,"1984-09-01","Operating",6099,"1 (509.5)"
